Model,MSE,R2
Linear Regression,314020.5731207552,-0.002233767122541197
