Model,MSE,R2
Random Forest,420011.8991648092,-0.3405176092534712
